id,color,imageLink,manufacturer,modelName,displayName,retailPrice
1,Turtle Dove,https://images.stockx.com/images/Adidas-Yeezy-Boost-350-Low-Turtledove-Product.jpg,Adidas,Yeezy Boost 350,Adidas Yeezy Boost 350 Turtle Dove,230
2,Pirate Black,https://images.stockx.com/images/adidas-Yeezy-Boost-350-Low-Pirate-Black-2015-Product.png,Adidas,Yeezy Boost 350,Adidas Yeezy Boost 350 Pirate Black,230
3,Moonrock,https://images.stockx.com/images/adidas-Yeezy-Boost-350-Low-Oxford-Tan-Product.jpg,Adidas,Yeezy Boost 350,Adidas Yeezy Boost 350 Moonrock,230
4,Oxford Tan,https://images.stockx.com/images/adidas-Yeezy-Boost-350-Low-Pirate-Black-2016-Product.jpg,Adidas,Yeezy Boost 350,Adidas Yeezy Boost 350 Oxford Tan,230
5,Turtle Dove,https://images.stockx.com/360/adidas-Yeezy-350-Cleat-Turtledove/Images/adidas-Yeezy-350-Cleat-Turtledove/Lv2/img01.jpg,Adidas,Yeezy Boost 350 Cleat,Adidas Yeezy Boost 350 Cleat Turtle Dove,250
6,Beluga,https://images.stockx.com/images/adidas-Yeezy-Boost-350-Low-V2-Beluga-Product.jpg,Adidas,Yeezy Boost 350 V2,Adidas Yeezy Boost 350 V2 Beluga,220
7,Core Black Green,https://images.stockx.com/images/Adidas-Yeezy-Boost-350-V2-Core-Black-Green-Product.jpg,Adidas,Yeezy Boost 350 V2,Adidas Yeezy Boost 350 V2 Core Black Green,220
8,Black Copper,https://images.stockx.com/images/Adidas-Yeezy-Boost-350-V2-Core-Black-Copper-Product.jpg,Adidas,Yeezy Boost 350 V2,Adidas Yeezy Boost 350 V2 Black Copper,220
9,Core Black Red,https://images.stockx.com/images/adidas-Yeezy-Boost-350-V2-Core-Black-Red-Product.jpg,Adidas,Yeezy Boost 350 V2,Adidas Yeezy Boost 350 V2 Core Black Red,220
10,Core Black White,https://images.stockx.com/images/adidas-Yeezy-Boost-350-V2-Core-Black-White-Product.jpg,Adidas,Yeezy Boost 350 V2,Adidas Yeezy Boost 350 V2 Core Black White,220
11,Black Red,https://images.stockx.com/images/adidas-Yeezy-Boost-350-V2-Core-Black-Red-2017-Product.jpg,Adidas,Yeezy Boost 350 V2,Adidas Yeezy Boost 350 V2 Black Red,220
12,Cream,https://images.stockx.com/images/adidas-Yeezy-Boost-350-V2-Cream-White-Product.jpg,Adidas,Yeezy Boost 350 V2,Adidas Yeezy Boost 350 V2 Cream,220
13,Semi Frozen Yellow,https://images.stockx.com/images/adidas-Yeezy-Boost-350-V2-Semi-Frozen-Yellow-Product.jpg,Adidas,Yeezy Boost 350 V2,Adidas Yeezy Boost 350 V2 Semi Frozen Yellow,220
14,Beluga 2.0,https://images.stockx.com/images/adidas-Yeezy-Boost-350-V2-Beluga-2pt0-Product.jpg,Adidas,Yeezy Boost 350 V2,Adidas Yeezy Boost 350 V2 Beluga 2.0,220
15,Blue Tint,https://images.stockx.com/images/adidas-Yeezy-Boost-350-V2-Blue-Tint-Product.jpg,Adidas,Yeezy Boost 350 V2,Adidas Yeezy Boost 350 V2 Blue Tint,220
303,Zebra,https://images.stockx.com/images/adidas-Yeezy-Boost-350-V2-Zebra-Product.jpg,Adidas,Yeezy Boost 350 V2,Adidas Yeezy Boost 350 V2 Zebra,220
16,Butter,https://images.stockx.com/images/adidas-Yeezy-Boost-350-V2-Butter-Product.jpg,Adidas,Yeezy Boost 350 V2,Adidas Yeezy Boost 350 V2 Butter,220
17,Sesame,https://images.stockx.com/images/adidas-Yeezy-Boost-350-V2-Sesame-Product.jpg,Adidas,Yeezy Boost 350 V2,Adidas Yeezy Boost 350 V2 Sesame,220
304,Zyon,https://images.stockx.com/images/adidas-Yeezy-Boost-350-V2-Zyon-Product.jpg,Adidas,Yeezy Boost 350 V2,Adidas Yeezy Boost 350 V2 Zyon,220
305,Oreo,https://images.stockx.com/images/adidas-Yeezy-Boost-350-V2-Oreo.png,Adidas,Yeezy Boost 350 V2,Adidas Yeezy Boost 350 V2 Oreo,220
18,Static (Reflective),https://images.stockx.com/images/adidas-Yeezy-Boost-350-V2-Static-Reflective-Product.jpg,Adidas,Yeezy Boost 350 V2,Adidas Yeezy Boost 350 V2 Static (Reflective),220
19,True Form,https://images.stockx.com/images/adidas-Yeezy-Boost-350-V2-True-Form-Product.jpg,Adidas,Yeezy Boost 350 V2,Adidas Yeezy Boost 350 V2 True Form,220
20,Hyperspace,https://images.stockx.com/images/adidas-Yeezy-Boost-350-V2-Hyperspace-Product.jpg,Adidas,Yeezy Boost 350 V2,Adidas Yeezy Boost 350 V2 Hyperspace,220
21,Clay,https://images.stockx.com/images/adidas-Yeezy-Boost-350-V2-Clay-Product.jpg,Adidas,Yeezy Boost 350 V2,Adidas Yeezy Boost 350 V2 Clay,220
22,Glow,https://images.stockx.com/images/adidas-Yeezy-Boost-350-V2-Glow-Product.jpg,Adidas,Yeezy Boost 350 V2,Adidas Yeezy Boost 350 V2 Glow,220
23,Static Black (Reflective),https://images.stockx.com/images/adidas-Yeezy-Boost-350-V2-Static-Black-Reflective-Product.jpg,Adidas,Yeezy Boost 350 V2,Adidas Yeezy Boost 350 V2 Static Black (Reflective),220
24,Black (Non-Reflective),https://images.stockx.com/images/adidas-Yeezy-Boost-350-V2-Black-Non-Reflective-Product.jpg,Adidas,Yeezy Boost 350 V2,Adidas Yeezy Boost 350 V2 Black (Non-Reflective),220
25,Synth (Reflective),https://images.stockx.com/images/adidas-Yeezy-Boost-350-V2-Synth-Reflective-Product.jpg,Adidas,Yeezy Boost 350 V2,Adidas Yeezy Boost 350 V2 Synth (Reflective),220
26,Synth (Non-Reflective),https://images.stockx.com/images/adidas-Yeezy-Boost-350-V2-Synth-Product.jpg,Adidas,Yeezy Boost 350 V2,Adidas Yeezy Boost 350 V2 Synth (Non-Reflective),220
27,Antlia (Reflective),https://images.stockx.com/images/adidas-Yeezy-Boost-350-V2-Antlia-Reflective-Product.jpg,Adidas,Yeezy Boost 350 V2,Adidas Yeezy Boost 350 V2 Antlia (Reflective),220
28,Antlia (Non-Reflective),https://images.stockx.com/images/adidas-Yeezy-Boost-350-V2-Antlia-Product.jpg,Adidas,Yeezy Boost 350 V2,Adidas Yeezy Boost 350 V2 Antlia (Non-Reflective),220
29,Lundmark (Reflective),https://images.stockx.com/images/adidas-Yeezy-Boost-350-V2-Lundmark-Reflective-Product.jpg,Adidas,Yeezy Boost 350 V2,Adidas Yeezy Boost 350 V2 Lundmark (Reflective),220
30,Lundmark (Non-Reflective),https://images.stockx.com/images/adidas-Yeezy-Boost-350-V2-Lundmark-Product.jpg,Adidas,Yeezy Boost 350 V2,Adidas Yeezy Boost 350 V2 Lundmark (Non-Reflective),220
31,Cloud White (Reflective),https://images.stockx.com/images/adidas-Yeezy-Boost-350-V2-Cloud-White-Reflective-Product.jpg,Adidas,Yeezy Boost 350 V2,Adidas Yeezy Boost 350 V2 Cloud White (Reflective),220
32,Cloud White (Non-Reflective),https://images.stockx.com/images/adidas-Yeezy-Boost-350-V2-Cloud-White-Product.jpg,Adidas,Yeezy Boost 350 V2,Adidas Yeezy Boost 350 V2 Cloud White (Non-Reflective),220
33,Citrin (Reflective),https://images.stockx.com/images/adidas-Yeezy-Boost-350-V2-Citrin-Reflective-Product.jpg,Adidas,Yeezy Boost 350 V2,Adidas Yeezy Boost 350 V2 Citrin (Reflective),220
34,Citrin (Non-Reflective),https://images.stockx.com/images/adidas-Yeezy-Boost-350-V2-Citrin-Product.jpg,Adidas,Yeezy Boost 350 V2,Adidas Yeezy Boost 350 V2 Citrin (Non-Reflective),220
35,Yeezreel (Reflective),https://images.stockx.com/images/adidas-Yeezy-Boost-350-V2-Yeezreel-Product.jpg,Adidas,Yeezy Boost 350 V2,Adidas Yeezy Boost 350 V2 Yeezreel (Reflective),220
36,Yeezreel (Non-Reflective),https://images.stockx.com/images/adidas-Yeezy-Boost-350-V2-Yeezreel-Reflective-Product.jpg,Adidas,Yeezy Boost 350 V2,Adidas Yeezy Boost 350 V2 Yeezreel (Non-Reflective),220
37,Yecheil (Reflective),https://images.stockx.com/images/adidas-Yeezy-Boost-350-V2-Yecheil-Reflective-Product.jpg,Adidas,Yeezy Boost 350 V2,Adidas Yeezy Boost 350 V2 Yecheil (Reflective),220
38,Yecheil (Non-Reflective),https://images.stockx.com/images/adidas-Yeezy-Boost-350-V2-Yecheil-Product.jpg,Adidas,Yeezy Boost 350 V2,Adidas Yeezy Boost 350 V2 Yecheil (Non-Reflective),220
39,Yeshaya (Reflective),https://images.stockx.com/images/adidas-Yeezy-Boost-350-V2-Yeshaya-Reflective-Product.jpg,Adidas,Yeezy Boost 350 V2,Adidas Yeezy Boost 350 V2 Yeshaya (Reflective),220
40,Yeshaya (Non-Reflective),https://images.stockx.com/images/adidas-Yeezy-Boost-350-V2-Yeshaya-Product.jpg,Adidas,Yeezy Boost 350 V2,Adidas Yeezy Boost 350 V2 Yeshaya (Non-Reflective),220
41,Marsh,https://images.stockx.com/images/adidas-Yeezy-Boost-350-V2-Marsh-Product.jpg,Adidas,Yeezy Boost 350 V2,Adidas Yeezy Boost 350 V2 Marsh,220
42,Earth,https://images.stockx.com/images/adidas-Yeezy-Boost-350-V2-Earth-Product_V2.jpg,Adidas,Yeezy Boost 350 V2,Adidas Yeezy Boost 350 V2 Earth,220
43,Tail Light,https://images.stockx.com/images/adidas-Yeezy-Boost-350-V2-Tail-Light-Product.jpg,Adidas,Yeezy Boost 350 V2,Adidas Yeezy Boost 350 V2 Tail Light,220
44,Desert Sage,https://images.stockx.com/images/adidas-Yeezy-Boost-350-V2-Desert-Sage-Product.jpg,Adidas,Yeezy Boost 350 V2,Adidas Yeezy Boost 350 V2 Desert Sage,220
45,Cinder (Reflective),https://images.stockx.com/images/adidas-Yeezy-Boost-350-V2-Cinder-Reflective-Product.jpg,Adidas,Yeezy Boost 350 V2,Adidas Yeezy Boost 350 V2 Cinder (Reflective),220
46,Linen,https://images.stockx.com/images/adidas-Yeezy-Boost-350-V2-Linen-Product.jpg,Adidas,Yeezy Boost 350 V2,Adidas Yeezy Boost 350 V2 Linen,220
47,Sulfur,https://images.stockx.com/images/adidas-Yeezy-Boost-350-V2-Sulfur-Product.jpg,Adidas,Yeezy Boost 350 V2,Adidas Yeezy Boost 350 V2 Sulfur,220
48,Israfil,https://images.stockx.com/images/adidas-Yeezy-Boost-350-V2-Israfil-Product.jpg,Adidas,Yeezy Boost 350 V2,Adidas Yeezy Boost 350 V2 Israfil,220
49,Carbon,https://images.stockx.com/images/adidas-Yeezy-Boost-350-V2-Carbon-Product.jpg,Adidas,Yeezy Boost 350 V2,Adidas Yeezy Boost 350 V2 Carbon,220
50,Natural,https://images.stockx.com/images/adidas-Yeezy-Boost-350-V2-Natural-Product.jpg,Adidas,Yeezy Boost 350 V2,Adidas Yeezy Boost 350 V2 Natural,220
51,Fade,https://images.stockx.com/images/adidas-Yeezy-Boost-350-V2-Yecher-Product.jpg,Adidas,Yeezy Boost 350 V2,Adidas Yeezy Boost 350 V2 Fade,220
52,Sand Taupe,https://images.stockx.com/images/adidas-Yeezy-Boost-350-V2-Eliada-Product.jpg,Adidas,Yeezy Boost 350 V2,Adidas Yeezy Boost 350 V2 Sand Taupe,220
53,Ash Stone,https://images.stockx.com/images/adidas-Yeezy-Boost-350-V2-Ash-Stone-Product.jpg,Adidas,Yeezy Boost 350 V2,Adidas Yeezy Boost 350 V2 Ash Stone,220
54,Ash Blue,https://images.stockx.com/images/adidas-Yeezy-Boost-350-V2-Ash-Blue-Product.jpg,Adidas,Yeezy Boost 350 V2,Adidas Yeezy Boost 350 V2 Ash Blue,220
55,Ash Pearl,https://images.stockx.com/images/adidas-Yeezy-Boost-350-V2-Ash-Pearl-2021-Product.jpg,Adidas,Yeezy Boost 350 V2,Adidas Yeezy Boost 350 V2 Ash Pearl,220
56,Mono Mist,https://images.stockx.com/images/adidas-Yeezy-Boost-350-V2-Mono-Mist-Product.jpg,Adidas,Yeezy Boost 350 V2,Adidas Yeezy Boost 350 V2 Mono Mist,220
57,Mono Ice,https://images.stockx.com/images/adidas-Yeezy-Boost-350-V2-Mono-Ice-Product.jpg,Adidas,Yeezy Boost 350 V2,Adidas Yeezy Boost 350 V2 Mono Ice,220
58,Mono Clay,https://images.stockx.com/images/adidas-Yeezy-Boost-350-V2-Mono-Clay-Product.jpg,Adidas,Yeezy Boost 350 V2,Adidas Yeezy Boost 350 V2 Mono Clay,220
59,Mono Cinder,https://images.stockx.com/images/adidas-Yeezy-Boost-350-V2-Mono-Cinder-Product.jpg,Adidas,Yeezy Boost 350 V2,Adidas Yeezy Boost 350 V2 Mono Cinder,220
60,Light,https://images.stockx.com/images/adidas-Yeezy-Boost-350-V2-Light-Product.jpg,Adidas,Yeezy Boost 350 V2,Adidas Yeezy Boost 350 V2 Light,220
61,Beluga (Reflective),https://images.stockx.com/images/adidas-Yeezy-Boost-350-V2-Beluga-Reflective-Product.jpg,Adidas,Yeezy Boost 350 V2,Adidas Yeezy Boost 350 V2 Beluga (Reflective),220
62,Dazzling Blue,https://images.stockx.com/images/adidas-Yeezy-Boost-350-V2-Dazzling-Blue-Product.jpg,Adidas,Yeezy Boost 350 V2,Adidas Yeezy Boost 350 V2 Dazzling Blue,220
63,MX Frost Blue,https://images.stockx.com/images/adidas-Yeezy-Boost-350-V2-MX-Frost-Blue.jpg,Adidas,Yeezy Boost 350 V2,Adidas Yeezy Boost 350 V2 MX Frost Blue,220
64,Onyx,https://images.stockx.com/images/adidas-Yeezy-Boost-350-V2-Onyx-Product.jpg,Adidas,Yeezy Boost 350 V2,Adidas Yeezy Boost 350 V2 Onyx,220
65,Bone,https://images.stockx.com/images/adidas-Yeezy-Boost-350-V2-Pure-Oat-Product.jpg,Adidas,Yeezy Boost 350 V2,Adidas Yeezy Boost 350 V2 Bone,220
66,Slate,https://images.stockx.com/images/adidas-Yeezy-Boost-350-V2-Slate-Core-Black-Slate_360_V2_01.jpg,Adidas,Yeezy Boost 350 V2,Adidas Yeezy Boost 350 V2 Slate,220
67,Salt,https://images.stockx.com/images/adidas-Yeezy-Boost-350-V2-Jade-Ash-Product.jpg,Adidas,Yeezy Boost 350 V2,Adidas Yeezy Boost 350 V2 Salt,220
68,Flax,https://images.stockx.com/images/adidas-Yeezy-Boost-350-V2-Flax-Product.jpg,Adidas,Yeezy Boost 350 V2,Adidas Yeezy Boost 350 V2 Flax,220
69,MX Rock,https://images.stockx.com/images/adidas-Yeezy-Boost-350-V2-MX-Rock-Product.jpg,Adidas,Yeezy Boost 350 V2,Adidas Yeezy Boost 350 V2 MX Rock,220
70,MX Oat,https://images.stockx.com/images/adidas-Yeezy-Boost-350-V2-MX-Oat-Product.jpg,Adidas,Yeezy Boost 350 V2,Adidas Yeezy Boost 350 V2 MX Oat,220
71,Static (Non-Reflective),https://images.stockx.com/images/adidas-Yeezy-Boost-350-V2-Static-Product.jpg,Adidas,Yeezy Boost 350 V2,Adidas Yeezy Boost 350 V2 Static (Non-Reflective),220
72,Carbon Beluga,https://images.stockx.com/images/adidas-Yeezy-350-V2-Carbon-Beluga-Product.jpg,Adidas,Yeezy Boost 350 V2,Adidas Yeezy Boost 350 V2 Carbon Beluga,220
73,Slate Blue,https://images.stockx.com/images/adidas-Yeezy-350-V2-CMPCT-Slate-Blue-Product.jpg,Adidas,Yeezy Boost 350 V2 CMPCT,Adidas Yeezy Boost 350 V2 CMPCT Slate Blue,230
74,Slate Red,https://images.stockx.com/images/adidas-Yeezy-350-V2-CMPCT-Slate-Red-Product.jpg,Adidas,Yeezy Boost 350 V2 CMPCT,Adidas Yeezy Boost 350 V2 CMPCT Slate Red,230
75,Slate Carbon,https://images.stockx.com/images/adidas-Yeezy-350-V2-CMPCT-Slate-Carbon-Product.jpg,Adidas,Yeezy Boost 350 V2 CMPCT,Adidas Yeezy Boost 350 V2 CMPCT Slate Carbon,230
76,Slate Bone,https://images.stockx.com/images/adidas-Yeezy-350-V2-CMPCT-Slate-Bone-Product.jpg,Adidas,Yeezy Boost 350 V2 CMPCT,Adidas Yeezy Boost 350 V2 CMPCT Slate Bone,230
77,Slate Panda,https://images.stockx.com/images/adidas-Yeezy-350-V2-CMPCT-Panda-Product.jpg,Adidas,Yeezy Boost 350 V2 CMPCT,Adidas Yeezy Boost 350 V2 CMPCT Slate Panda,230
78,Slate Onyx,https://images.stockx.com/images/adidas-Yeezy-350-V2-CMPCT-Slate-Onyx-Product.jpg,Adidas,Yeezy Boost 350 V2 CMPCT,Adidas Yeezy Boost 350 V2 CMPCT Slate Onyx,230
79,Alien,https://images.stockx.com/images/adidas-Yeezy-Boost-380-Alien-Product.jpg,Adidas,Yeezy Boost 380,Adidas Yeezy Boost 380 Alien,230
80,Mist,https://images.stockx.com/images/adidas-Yeezy-Boost-380-Mist-Product.jpg,Adidas,Yeezy Boost 380,Adidas Yeezy Boost 380 Mist,230
81,Blue Oat Reflective,https://images.stockx.com/images/adidas-Yeezy-Boost-380-Blue-Oat-Reflective-Product.jpg,Adidas,Yeezy Boost 380,Adidas Yeezy Boost 380 Blue Oat Reflective,230
82,Blue Oat,https://images.stockx.com/images/adidas-Yeezy-Boost-380-Blue-Oat-Product.jpg,Adidas,Yeezy Boost 380,Adidas Yeezy Boost 380 Blue Oat,230
83,Pepper Reflective,https://images.stockx.com/images/adidas-Yeezy-Boost-380-Pepper-Reflective-Product.png,Adidas,Yeezy Boost 380,Adidas Yeezy Boost 380 Pepper Reflective,230
84,Pepper,https://images.stockx.com/images/adidas-Yeezy-Boost-380-Pepper-Product.jpg,Adidas,Yeezy Boost 380,Adidas Yeezy Boost 380 Pepper,230
85,Calcite Glow,https://images.stockx.com/images/adidas-Yeezy-Boost-380-Calcite-Glow-Product.jpg,Adidas,Yeezy Boost 380,Adidas Yeezy Boost 380 Calcite Glow,230
86,Onyx Reflective,https://images.stockx.com/images/adidas-Yeezy-Boost-380-Onyx-Reflective-Product.jpg,Adidas,Yeezy Boost 380,Adidas Yeezy Boost 380 Onyx Reflective,230
87,Onyx,https://images.stockx.com/images/adidas-Yeezy-Boost-380-Onyx-Product.jpg,Adidas,Yeezy Boost 380,Adidas Yeezy Boost 380 Onyx,230
88,Lmnte Reflective,https://images.stockx.com/images/adidas-Yeezy-Boost-380-Lmnte-Reflective-Product.jpg,Adidas,Yeezy Boost 380,Adidas Yeezy Boost 380 Lmnte Reflective,230
89,Lmnte,https://images.stockx.com/images/adidas-Yeezy-Boost-380-Lmnte.png,Adidas,Yeezy Boost 380,Adidas Yeezy Boost 380 Lmnte,230
90,Azure Reflective,https://images.stockx.com/images/adidas-Yeezy-Boost-380-Azure-Reflective-Product.jpg,Adidas,Yeezy Boost 380,Adidas Yeezy Boost 380 Azure Reflective,230
91,Azure,https://images.stockx.com/images/adidas-Yeezy-Boost-380-Azure-Product.jpg,Adidas,Yeezy Boost 380,Adidas Yeezy Boost 380 Azure,230
92,Hylte Glow,https://images.stockx.com/images/adidas-Yeezy-Boost-380-Hylte-Glow-Product.jpg,Adidas,Yeezy Boost 380,Adidas Yeezy Boost 380 Hylte Glow,230
93,Hylte,https://images.stockx.com/images/adidas-Yeezy-Boost-380-Hylte-Glow-Reflective-Product.jpg,Adidas,Yeezy Boost 380,Adidas Yeezy Boost 380 Hylte,230
94,Yecoraite Reflective,https://images.stockx.com/images/adidas-Yeezy-Boost-380-Yecoraite-Reflective-Product.jpg,Adidas,Yeezy Boost 380,Adidas Yeezy Boost 380 Yecoraite Reflective,230
95,Covellite,https://images.stockx.com/images/adidas-Yeezy-Boost-380-Covellite-Product.jpg,Adidas,Yeezy Boost 380,Adidas Yeezy Boost 380 Covellite,230
96,Pyrite,https://images.stockx.com/images/adidas-Yeezy-Boost-380-Stone-Salt-Product.jpg,Adidas,Yeezy Boost 380,Adidas Yeezy Boost 380 Pyrite,230
97,Stone Salt,https://images.stockx.com/images/adidas-Yeezy-Boost-380-Stone-Slate-Product.jpg,Adidas,Yeezy Boost 380,Adidas Yeezy Boost 380 Stone Salt,230
98,Alien Blue,https://images.stockx.com/images/adidas-Yeezy-Boost-380-Alien-Blue-Product.jpg,Adidas,Yeezy Boost 380,Adidas Yeezy Boost 380 Alien Blue,230
99,Dark Slate,https://images.stockx.com/images/adidas-Yeezy-450-Dark-Slate-Product.jpg,Adidas,Yeezy 450,Adidas Yeezy 450 Dark Slate,200
100,Resin,https://images.stockx.com/images/adidas-Yeezy-450-Resin-Product.jpg,Adidas,Yeezy 450,Adidas Yeezy 450 Resin,200
101,Cinder,https://images.stockx.com/images/adidas-Yeezy-450-Cinder-Product.jpg,Adidas,Yeezy 450,Adidas Yeezy 450 Cinder,200
102,Sulfur,https://images.stockx.com/images/adidas-Yeezy-450-Sulfur-Product.jpg,Adidas,Yeezy 450,Adidas Yeezy 450 Sulfur,200
103,Utility Black,https://images.stockx.com/images/adidas-Yeezy-450-Utility-Black-Product.jpg,Adidas,Yeezy 450,Adidas Yeezy 450 Utility Black,200
104,Stone Flax,https://images.stockx.com/images/adidas-Yeezy-450-Stone-Flax-Product.jpg,Adidas,Yeezy 450,Adidas Yeezy 450 Stone Flax,200
105,Cloud White,https://images.stockx.com/images/adidas-Yeezy-450-Cloud-White-Product.jpg,Adidas,Yeezy 450,Adidas Yeezy 450 Cloud White,200
106,Stone Teal,https://images.stockx.com/images/adidas-Yeezy-450-Stone-Teal-Product.jpg,Adidas,Yeezy 450,Adidas Yeezy 450 Stone Teal,200
107,Shadow Black,https://images.stockx.com/images/Adidas-Yeezy-500-Utility-Black-FF.jpg,Adidas,Yeezy 500,Adidas Yeezy 500 Shadow Black,200
108,Utility Black,https://images.stockx.com/images/Adidas-Yeezy-500-Utility-Black-Product.jpg,Adidas,Yeezy 500,Adidas Yeezy 500 Utility Black,200
109,Salt,https://images.stockx.com/images/adidas-Yeezy-500-Salt-Product.jpg,Adidas,Yeezy 500,Adidas Yeezy 500 Salt,200
110,Bone White,https://images.stockx.com/images/adidas-Yeezy-500-Bone-White-Product.jpg,Adidas,Yeezy 500,Adidas Yeezy 500 Bone White,200
111,Soft Vision,https://images.stockx.com/images/adidas-Yeezy-500-Soft-Vision-Product.jpg,Adidas,Yeezy 500,Adidas Yeezy 500 Soft Vision,200
112,Stone,https://images.stockx.com/images/adidas-Yeezy-500-Stone-Product.jpg,Adidas,Yeezy 500,Adidas Yeezy 500 Stone,200
113,Enflame,https://images.stockx.com/images/adidas-Yeezy-500-Enflame-Product.jpg,Adidas,Yeezy 500,Adidas Yeezy 500 Enflame,200
114,Taupe Light,https://images.stockx.com/images/adidas-Yeezy-500-Taupe-Light-Product.jpg,Adidas,Yeezy 500,Adidas Yeezy 500 Taupe Light,200
115,Clay Brown,https://images.stockx.com/images/adidas-Yeezy-500-Brown-Clay-Product.jpg,Adidas,Yeezy 500,Adidas Yeezy 500 Clay Brown,200
116,Ash Grey,https://images.stockx.com/images/adidas-Yeezy-500-Ash-Grey-Product.jpg,Adidas,Yeezy 500,Adidas Yeezy 500 Ash Grey,200
117,Blush,https://images.stockx.com/images/Adidas-Yeezy-500-Blush-Product.jpg,Adidas,Yeezy 500,Adidas Yeezy 500 Blush,200
118,Granite,https://images.stockx.com/images/adidas-Yeezy-500-Granite-Product.jpg,Adidas,Yeezy 500,Adidas Yeezy 500 Granite,200
119,Stone Salt,https://images.stockx.com/images/adidas-Yeezy-500-Stone-Salt-Product.jpg,Adidas,Yeezy 500,Adidas Yeezy 500 Stone Salt,200
120,Stone Taupe,https://images.stockx.com/images/adidas-Yeezy-500-Stone-Taupe-Product.jpg,Adidas,Yeezy 500,Adidas Yeezy 500 Stone Taupe,200
121,Super Moon Yellow,https://images.stockx.com/images/adidas-Yeezy-500-Moon-Yellow-Product.jpg,Adidas,Yeezy 500,Adidas Yeezy 500 Super Moon Yellow,200
122,Slate,https://images.stockx.com/images/adidas-Yeezy-500-High-Slate-Product.jpg,Adidas,Yeezy 500 High,Adidas Yeezy 500 High Slate,220
123,Tyrian,https://images.stockx.com/images/adidas-Yeezy-500-High-Tyrian-Product.jpg,Adidas,Yeezy 500 High,Adidas Yeezy 500 High Tyrian,220
124,Mist Slate,https://images.stockx.com/images/adidas-Yeezy-500-High-Mist-Slate-Product.jpg,Adidas,Yeezy 500 High,Adidas Yeezy 500 High Mist Slate,220
125,Shale Warm,https://images.stockx.com/images/adidas-Yeezy-500-High-Wakaran-Product.jpg,Adidas,Yeezy 500 High,Adidas Yeezy 500 High Shale Warm,220
126,Frosted Blue,https://images.stockx.com/images/adidas-Yeezy-500-High-Frosted-Blue-Product.jpg,Adidas,Yeezy 500 High,Adidas Yeezy 500 High Frosted Blue,220
127,Sumac,https://images.stockx.com/images/adidas-Yeezy-500-High-Sumac-Product.jpg,Adidas,Yeezy 500 High,Adidas Yeezy 500 High Sumac,220
128,Tactile Orange,https://images.stockx.com/images/adidas-Yeezy-500-High-Tactile-Orange-Product.jpg,Adidas,Yeezy 500 High,Adidas Yeezy 500 High Tactile Orange,220
129,Mist Stone,https://images.stockx.com/images/adidas-Yeezy-500-High-Mist-Stone-Product.jpg,Adidas,Yeezy 500 High,Adidas Yeezy 500 High Mist Stone,220
130,Taupe Black,https://images.stockx.com/images/adidas-Yeezy-500-High-Taupe-Black.jpg,Adidas,Yeezy 500 High,Adidas Yeezy 500 High Taupe Black,220
131,Utility Black,https://images.stockx.com/images/adidas-Yeezy-500-Tactical-Boot-Utility-Black-Product.jpg,Adidas,Yeezy 500 High Tactical Boot,Adidas Yeezy 500 High Tactical Boot Utility Black,300
132,Sand,https://images.stockx.com/images/adidas-Yeezy-500-High-Tactical-Boot-Sand.jpg,Adidas,Yeezy 500 High Tactical Boot,Adidas Yeezy 500 High Tactical Boot Sand,300
133,Wave Runner,https://images.stockx.com/images/adidas-Yeezy-Wave-Runner-700-Solid-Grey-Product.jpg,Adidas,Yeezy Boost 700,Adidas Yeezy Boost 700 Wave Runner,300
134,Mauve,https://images.stockx.com/images/adidas-Yeezy-700-Mauve-Product.jpg,Adidas,Yeezy Boost 700,Adidas Yeezy Boost 700 Mauve,300
135,Salt,https://images.stockx.com/images/Adidas-Yeezy-Boost-700-Salt-Product.jpg,Adidas,Yeezy Boost 700,Adidas Yeezy Boost 700 Salt,300
136,Inertia,https://images.stockx.com/images/adidas-Yeezy-Boost-700-Inertia-Product.jpg,Adidas,Yeezy Boost 700,Adidas Yeezy Boost 700 Inertia,300
137,Magnet,https://images.stockx.com/images/adidas-Yeezy-Boost-700-Magnet-Product.jpg,Adidas,Yeezy Boost 700,Adidas Yeezy Boost 700 Magnet,300
138,Teal Blue,https://images.stockx.com/images/adidas-Yeezy-Boost-700-Teal-Blue-Product.jpg,Adidas,Yeezy Boost 700,Adidas Yeezy Boost 700 Teal Blue,300
139,Carbon Blue,https://images.stockx.com/images/adidas-Yeezy-Boost-700-Carbon-Blue-Product.jpg,Adidas,Yeezy Boost 700,Adidas Yeezy Boost 700 Carbon Blue,300
140,Sun,https://images.stockx.com/images/adidas-Yeezy-Boost-700-Sun-Product.jpg,Adidas,Yeezy Boost 700,Adidas Yeezy Boost 700 Sun,240
141,Bright Blue,https://images.stockx.com/images/adidas-Yeezy-Boost-700-Bright-Blue-Product.jpg,Adidas,Yeezy Boost 700,Adidas Yeezy Boost 700 Bright Blue,240
142,Wash Orange,https://images.stockx.com/images/adidas-Yeezy-Boost-700-Wash-Orange-Product.jpg,Adidas,Yeezy Boost 700,Adidas Yeezy Boost 700 Wash Orange,240
143,Faded Azure,https://images.stockx.com/images/adidas-Yeezy-Boost-700-Faded-Azure-Product.jpg,Adidas,Yeezy Boost 700,Adidas Yeezy Boost 700 Faded Azure,240
144,Hi-Res Red,https://images.stockx.com/images/adidas-Yeezy-Boost-700-Hi-Red-Red-Product.jpg,Adidas,Yeezy Boost 700,Adidas Yeezy Boost 700 Hi-Res Red,240
145,Hi-Res Blue,https://images.stockx.com/images/adidas-Yeezy-Boost-700-Hi-Res-Blue-Product.jpg,Adidas,Yeezy Boost 700,Adidas Yeezy Boost 700 Hi-Res Blue,240
146,Enflame Amber,https://images.stockx.com/images/adidas-Yeezy-Boost-700-Enflame-Amber-Product.jpg,Adidas,Yeezy Boost 700,Adidas Yeezy Boost 700 Enflame Amber,240
147,Analog,https://images.stockx.com/images/adidas-Yeezy-Boost-700-Analog-Product.jpg,Adidas,Yeezy Boost 700,Adidas Yeezy Boost 700 Analog,240
148,Utility Black,https://images.stockx.com/images/adidas-Yeezy-Boost-700-Utility-Black-Product.png,Adidas,Yeezy Boost 700,Adidas Yeezy Boost 700 Utility Black,240
149,Static,https://images.stockx.com/images/adidas-Yeezy-700-V2-Static-Product.jpg,Adidas,Yeezy Boost 700 V2,Adidas Yeezy Boost 700 V2 Static,300
150,Geode,https://images.stockx.com/images/adidas-Yeezy-Boost-700-V2-Geode-Product.jpg,Adidas,Yeezy Boost 700 V2,Adidas Yeezy Boost 700 V2 Geode,300
151,Inertia,https://images.stockx.com/images/adidas-Yeezy-Boost-700-V2-Inertia-Product.jpg,Adidas,Yeezy Boost 700 V2,Adidas Yeezy Boost 700 V2 Inertia,300
152,Hospital Blue,https://images.stockx.com/images/adidas-Yeezy-Boost-700-V2-Hospital-Blue-Product.jpg,Adidas,Yeezy Boost 700 V2,Adidas Yeezy Boost 700 V2 Hospital Blue,300
153,Cream,https://images.stockx.com/images/adidas-Yeezy-700-V2-Cream-Product.jpg,Adidas,Yeezy Boost 700 V2,Adidas Yeezy Boost 700 V2 Cream,300
154,Mauve,https://images.stockx.com/images/adidas-Yeezy-700-V2-Mauve-Product.jpg,Adidas,Yeezy Boost 700 V2,Adidas Yeezy Boost 700 V2 Mauve,240
155,Vanta,https://images.stockx.com/images/adidas-Yeezy-Boost-700-V2-Vanta-Product.png,Adidas,Yeezy Boost 700 V2,Adidas Yeezy Boost 700 V2 Vanta,300
156,Tephra,https://images.stockx.com/images/adidas-Yeezy-Boost-700-V2-Tephra-Product.jpg,Adidas,Yeezy Boost 700 V2,Adidas Yeezy Boost 700 V2 Tephra,300
157,Alvah,https://images.stockx.com/images/adidas-Yeezy-Boost-700-V3-Alvah-Product.jpg,Adidas,Yeezy Boost 700 V3,Adidas Yeezy Boost 700 V3 Alvah,200
158,Arzareth,https://images.stockx.com/images/adidas-Yeezy-700-V3-Arzareth-Product.jpg,Adidas,Yeezy Boost 700 V3,Adidas Yeezy Boost 700 V3 Arzareth,200
159,Safflower,https://images.stockx.com/images/adidas-Yeezy-700-V3-Safflower-Product.jpg,Adidas,Yeezy Boost 700 V3,Adidas Yeezy Boost 700 V3 Safflower,200
160,Clay Brown,https://images.stockx.com/images/adidas-Yeezy-700-V3-Clay-Brown-Product.jpg,Adidas,Yeezy Boost 700 V3,Adidas Yeezy Boost 700 V3 Clay Brown,200
161,Kyanite,https://images.stockx.com/images/adidas-Yeezy-700-V3-Kyanite-Product.jpg,Adidas,Yeezy Boost 700 V3,Adidas Yeezy Boost 700 V3 Kyanite,200
162,Dark Glow,https://images.stockx.com/images/adidas-Yeezy-700-V3-Blue-Glow-Product.jpg,Adidas,Yeezy Boost 700 V3,Adidas Yeezy Boost 700 V3 Dark Glow,200
163,Copper Fade,https://images.stockx.com/images/adidas-Yeezy-700-V3-Copper-Fade-Product.jpg,Adidas,Yeezy Boost 700 V3,Adidas Yeezy Boost 700 V3 Copper Fade,200
164,Mono Safflower,https://images.stockx.com/images/adidas-Yeezy-700-V3-Mono-Safflower-Product.jpg,Adidas,Yeezy Boost 700 V3,Adidas Yeezy Boost 700 V3 Mono Safflower,200
165,Fade Carbon,https://images.stockx.com/images/adidas-Yeezy-700-V3-Fade-Carbon-Product.jpg,Adidas,Yeezy Boost 700 V3,Adidas Yeezy Boost 700 V3 Fade Carbon,200
166,Fade Salt,https://images.stockx.com/images/adidas-Yeezy-700-V3-Fade-Salt-Product.jpg,Adidas,Yeezy Boost 700 V3,Adidas Yeezy Boost 700 V3 Fade Salt,200
167,Azael,https://images.stockx.com/images/adidas-Yeezy-700-V3-Azael-Product.jpg,Adidas,Yeezy Boost 700 V3,Adidas Yeezy Boost 700 V3 Azael,200
168,Orange,https://images.stockx.com/images/adidas-Yeezy-Boost-700-MNVN-Orange-Product.jpg,Adidas,Yeezy Boost 700 MNVN,Adidas Yeezy Boost 700 MNVN Orange,220
169,Phosphor,https://images.stockx.com/images/adidas-Yeezy-Boost-700-MNVN-Phosphor-Product.jpg,Adidas,Yeezy Boost 700 MNVN,Adidas Yeezy Boost 700 MNVN Phosphor,220
170,Bone,https://images.stockx.com/images/adidas-Yeezy-Boost-700-MNVN-Bone-Product.jpg,Adidas,Yeezy Boost 700 MNVN,Adidas Yeezy Boost 700 MNVN Bone,220
171,Metallic,https://images.stockx.com/images/adidas-Yeezy-Boost-700-MNVN-Metallic-Product.jpg,Adidas,Yeezy Boost 700 MNVN,Adidas Yeezy Boost 700 MNVN Metallic,220
172,Resin,https://images.stockx.com/images/adidas-Yeezy-Boost-700-MNVN-Resin-Product.jpg,Adidas,Yeezy Boost 700 MNVN,Adidas Yeezy Boost 700 MNVN Resin,220
173,Geode,https://images.stockx.com/images/adidas-Yeezy-Boost-700-MNVN-Geode-Product.jpg,Adidas,Yeezy Boost 700 MNVN,Adidas Yeezy Boost 700 MNVN Geode,220
174,Triple Black,https://images.stockx.com/images/adidas-Yeezy-Boost-700-MNVN-Triple-Black-Product.jpg,Adidas,Yeezy Boost 700 MNVN,Adidas Yeezy Boost 700 MNVN Triple Black,220
175,Phosphor,https://images.stockx.com/images/adidas-Yeezy-Boost-700-MNVN-Laceless-Phosphor-Product.jpg,Adidas,Yeezy Boost 700 MNVN Laceless,Adidas Yeezy Boost 700 MNVN Laceless Phosphor,220
176,Analog,https://images.stockx.com/images/adidas-Yeezy-Boost-700-MNVN-Laceless-Analog-Product.jpg,Adidas,Yeezy Boost 700 MNVN Laceless,Adidas Yeezy Boost 700 MNVN Laceless Analog,220
177,OG Light Brown,https://images.stockx.com/images/Adidas-Yeezy-Boost-750-Brown-Product.jpg,Adidas,Yeezy Boost 750,Adidas Yeezy Boost 750 OG Light Brown,350
178,Triple Black,https://images.stockx.com/images/Adidas-Yeezy-Boost-750-Triple-Black-Product.jpg,Adidas,Yeezy Boost 750,Adidas Yeezy Boost 750 Triple Black,350
179,Light Grey Glow In The Dark,https://images.stockx.com/images/adidas-Yeezy-Boost-750-Glow-In-The-Dark-Product.png,Adidas,Yeezy Boost 750,Adidas Yeezy Boost 750 Light Grey Glow In The Dark,350
180,Chocolate,https://images.stockx.com/images/adidas-Yeezy-Boost-750-Light-Brown-Glow-Product.png,Adidas,Yeezy Boost 750,Adidas Yeezy Boost 750 Chocolate,350
181,Tan,https://images.stockx.com/images/Adidas-Yeezy-750-Cleat.png,Adidas,Yeezy Boost 750 Cleat,Adidas Yeezy Boost 750 Cleat Tan,300
182,Black,https://images.stockx.com/images/Adidas-Yeezy-750-Cleat-Black.png,Adidas,Yeezy Boost 750 Cleat,Adidas Yeezy Boost 750 Cleat Black,300
183,Moonrock,https://images.stockx.com/images/Adidas-Yeezy-Boost-950-Moonrock.jpg,Adidas,Yeezy 950,Adidas Yeezy 950 Moonrock,585
184,Pirate Black,https://images.stockx.com/images/Adidas-Yeezy-Boost-950-Pirate-Black-Product.jpg,Adidas,Yeezy 950,Adidas Yeezy 950 Pirate Black,585
185,Peyote,https://images.stockx.com/images/Adidas-Yeezy-Boost-950-Peyote-Product.jpg,Adidas,Yeezy 950,Adidas Yeezy 950 Peyote,585
186,Chocolate,https://images.stockx.com/images/Adidas-Yeezy-Boost-950-Chocolate-Product.jpg,Adidas,Yeezy 950,Adidas Yeezy 950 Chocolate,585
187,Hi-Res,https://images.stockx.com/images/adidas-Yeezy-1050-Hi-Res.jpg,Adidas,Yeezy 1050,Adidas Yeezy 1050 Hi-Res,400
188,Rock,https://images.stockx.com/images/adidas-Yeezy-Desert-Boot-Rock-Product.jpg,Adidas,Yeezy Desert Boot,Adidas Yeezy Desert Boot Rock,200
189,Oil,https://images.stockx.com/images/adidas-Yeezy-Desert-Boot-Oil-Product.jpg,Adidas,Yeezy Desert Boot,Adidas Yeezy Desert Boot Oil,200
190,Taupe Blue,https://images.stockx.com/images/adidas-Yeezy-Desert-Boot-Taupe-Blue-Product.jpg,Adidas,Yeezy Desert Boot,Adidas Yeezy Desert Boot Taupe Blue,200
191,Salt,https://images.stockx.com/images/adidas-Yeezy-Desert-Boot-Salt-Product.jpg,Adidas,Yeezy Desert Boot,Adidas Yeezy Desert Boot Salt,200
192,Sulfur,https://images.stockx.com/images/adidas-Yeezy-Knit-RNR-Boot-Sulfur-Product.jpg,Adidas,Yeezy Knit RNR Boot,Adidas Yeezy Knit RNR Boot Sulfur,400
193,Khaki,https://images.stockx.com/images/adidas-Yeezy-NSLTD-BT-Khaki-Product.jpg,Adidas,Yeezy NSLTD Boot,Adidas Yeezy NSLTD Boot Khaki,340
194,Ararat,https://images.stockx.com/images/adidas-Yeezy-Foam-RNNR-Ararat-Product.jpg,Adidas,Yeezy Foam RNR,Adidas Yeezy Foam RNR Ararat,80
195,MXT Moon Gray,https://images.stockx.com/images/adidas-Yeezy-Foam-RNNR-MXT-Moon-Gray-Product.jpg,Adidas,Yeezy Foam RNR,Adidas Yeezy Foam RNR MXT Moon Gray,80
196,Sand,https://images.stockx.com/images/adidas-Yeezy-Foam-RNNR-Sand-Product.jpg,Adidas,Yeezy Foam RNR,Adidas Yeezy Foam RNR Sand,80
197,Mineral Blue,https://images.stockx.com/images/adidas-Yeezy-Foam-RNNR-Mineral-Blue-Product.jpg,Adidas,Yeezy Foam RNR,Adidas Yeezy Foam RNR Mineral Blue,80
198,MX Cream Clay,https://images.stockx.com/images/adidas-Yeezy-Foam-RNNR-MX-Cream-Clay-Product.jpg,Adidas,Yeezy Foam RNR,Adidas Yeezy Foam RNR MX Cream Clay,80
199,Ochre,https://images.stockx.com/images/adidas-Yeezy-Foam-RNNR-Ochre-Product.jpg,Adidas,Yeezy Foam RNR,Adidas Yeezy Foam RNR Ochre,80
200,Vermillion,https://images.stockx.com/images/adidas-Yeezy-Foam-RNNR-Vermillion-Product.jpg,Adidas,Yeezy Foam RNR,Adidas Yeezy Foam RNR Vermillion,80
201,MX Sand Grey,https://images.stockx.com/images/adidas-Yeezy-Foam-RNNR-MX-Sand-Grey-Product.jpg,Adidas,Yeezy Foam RNR,Adidas Yeezy Foam RNR MX Sand Grey,80
202,Mist,https://images.stockx.com/images/adidas-Yeezy-Foam-RNNR-Mist-Product.jpg,Adidas,Yeezy Foam RNR,Adidas Yeezy Foam RNR Mist,90
203,Stone Sage,https://images.stockx.com/images/adidas-Yeezy-Foam-RNNR-Stone-Sage-Product.jpg,Adidas,Yeezy Foam RNR,Adidas Yeezy Foam RNR Stone Sage,90
204,Sulfur,https://images.stockx.com/images/adidas-Yeezy-Foam-RNNR-Sulfur-Product.jpg,Adidas,Yeezy Foam RNR,Adidas Yeezy Foam RNR Sulfur,90
205,MX Carbon,https://images.stockx.com/images/adidas-Yeezy-Foam-RNR-MX-Carbon-Product.jpg,Adidas,Yeezy Foam RNR,Adidas Yeezy Foam RNR MX Carbon,90
206,Clay Red,https://images.stockx.com/images/adidas-Yeezy-Foam-RNNR-Flax-Product.jpg,Adidas,Yeezy Foam RNR,Adidas Yeezy Foam RNR Clay Red,90
207,MX Cinder,https://images.stockx.com/images/adidas-Yeezy-Foam-RNNR-MX-Brown-Blue-Product.jpg,Adidas,Yeezy Foam RNR,Adidas Yeezy Foam RNR MX Cinder,90
208,Onyx,https://images.stockx.com/images/adidas-Yeezy-Foam-RNNR-Onyx-Product.jpg,Adidas,Yeezy Foam RNR,Adidas Yeezy Foam RNR Onyx,90
209,Desert Sand,https://images.stockx.com/images/adidas-Yeezy-Foam-RNR-Desert-Sand-Product.jpg,Adidas,Yeezy Foam RNR,Adidas Yeezy Foam RNR Desert Sand,90
210,Stone Salt,https://images.stockx.com/images/adidas-Yeezy-Foam-RNR-Stone-Salt-Product.jpg,Adidas,Yeezy Foam RNR,Adidas Yeezy Foam RNR Stone Salt,90
211,Carbon,https://images.stockx.com/images/adidas-Yeezy-Foam-RNR-Carbon-Product.jpg,Adidas,Yeezy Foam RNR,Adidas Yeezy Foam RNR Carbon,90
212,MX Granite,https://images.stockx.com/images/adidas-Yeezy-Foam-RNR-MX-Granite-Product.jpg,Adidas,Yeezy Foam RNR,Adidas Yeezy Foam RNR MX Granite,90
213,Clay Taupe,https://images.stockx.com/images/adidas-Yeezy-Foam-RNR-Clay-Taupe-Product.jpg,Adidas,Yeezy Foam RNR,Adidas Yeezy Foam RNR Clay Taupe,90
214,Fade Indigo,https://images.stockx.com/images/adidas-Yeezy-Knit-RNR-Fade-Indigo-Product.jpg,Adidas,Yeezy Knit RNR,Adidas Yeezy Knit RNR Fade Indigo,200
215,Faded Azure,https://images.stockx.com/images/adidas-Yeezy-Knit-RNR-Faded-Azure-Product.jpg,Adidas,Yeezy Knit RNR,Adidas Yeezy Knit RNR Faded Azure,200
216,Stone Carbon,https://images.stockx.com/images/adidas-Yeezy-Knit-RNR-Stone-Carbon-Product.jpg,Adidas,Yeezy Knit RNR,Adidas Yeezy Knit RNR Stone Carbon,200
217,Stone Onyx,https://images.stockx.com/images/adidas-Yeezy-Knit-RNR-Stone-Onyx.jpg,Adidas,Yeezy Knit RNR,Adidas Yeezy Knit RNR Stone Onyx,200
218,Sulfur,https://images.stockx.com/images/adidas-Yeezy-Knit-RNR-Sulfur-Product.jpg,Adidas,Yeezy Knit RNR,Adidas Yeezy Knit RNR Sulfur,200
219,Fade Onyx,https://images.stockx.com/images/adidas-Yeezy-Knit-RNR-Fade-Onyx-Product.jpg,Adidas,Yeezy Knit RNR,Adidas Yeezy Knit RNR Fade Onyx,210
220,Calabasas Core White,https://images.stockx.com/images/Adidas-Yeezy-Powerphase-Calabasas-Core-White-Product.jpg,Adidas,Yeezy Powerphase,Adidas Yeezy Powerphase Calabasas Core White,120
221,Calabasas Grey,https://images.stockx.com/images/adidas-Yeezy-Powerphase-Calabasas-Grey-Product.jpg,Adidas,Yeezy Powerphase,Adidas Yeezy Powerphase Calabasas Grey,120
222,Calabasas Core Black,https://images.stockx.com/images/Adidas-Yeezy-Powerphase-Calabasas-Core-Black-Product.jpg,Adidas,Yeezy Powerphase,Adidas Yeezy Powerphase Calabasas Core Black,120
223,Quiet Grey,https://images.stockx.com/images/adidas-Yeezy-Powerphase-Quiet-Grey-Product.png,Adidas,Yeezy Powerphase,Adidas Yeezy Powerphase Quiet Grey,120
224,Clear Brown,https://images.stockx.com/images/adidas-Yeezy-Powerphase-Clear-Brown-Product.jpg,Adidas,Yeezy Powerphase,Adidas Yeezy Powerphase Clear Brown,120
225,Simple Brown,https://images.stockx.com/images/adidas-Yeezy-Powerphase-Simple-Brown-Product.jpg,Adidas,Yeezy Powerphase,Adidas Yeezy Powerphase Simple Brown,120
226,Kith Classics White Green,https://images.stockx.com/images/adidas-Yeezy-Powerphase-Kith-Classics-White-Green-Product.jpg,Adidas,Yeezy Powerphase,Adidas Yeezy Powerphase Kith Classics White Green,120
227,Cream,https://images.stockx.com/images/adidas-Yeezy-450-Slide-Cream-Product.jpg,Adidas,Yeezy 450 Slide,Adidas Yeezy 450 Slide Cream,110
228,Desert Sand,https://images.stockx.com/images/Yeezy-Slide-Desert-Sand-Product.jpg,Adidas,Yeezy Slide,Adidas Yeezy Slide Desert Sand,70
229,Bone,https://images.stockx.com/images/Yeezy-Slide-Bone-Product.jpg,Adidas,Yeezy Slide,Adidas Yeezy Slide Bone,70
230,Earth Brown,https://images.stockx.com/images/Yeezy-Slide-Earth-Brown-Product.jpg,Adidas,Yeezy Slide,Adidas Yeezy Slide Earth Brown,70
231,Soot,https://images.stockx.com/images/Yeezy-Slide-Soot-Product.jpg,Adidas,Yeezy Slide,Adidas Yeezy Slide Soot,70
232,Core,https://images.stockx.com/images/Yeezy-Slide-Core-Product.jpg,Adidas,Yeezy Slide,Adidas Yeezy Slide Core,70
233,Resin,https://images.stockx.com/images/Yeezy-Slide-Resin-Product.jpg,Adidas,Yeezy Slide,Adidas Yeezy Slide Resin,70
234,Pure (First Release),https://images.stockx.com/images/adidas-Yeezy-Slide-Pure-Product.jpg,Adidas,Yeezy Slide,Adidas Yeezy Slide Pure (First Release),70
235,Enflame Orange,https://images.stockx.com/images/adidas-Yeezy-Slide-Orange-Product.jpg,Adidas,Yeezy Slide,Adidas Yeezy Slide Enflame Orange,70
236,Glow Green,https://images.stockx.com/images/adidas-Yeezy-Slide-Glow-Green-Product.jpg,Adidas,Yeezy Slide,Adidas Yeezy Slide Glow Green,70
237,Pure (Restock Pair),https://images.stockx.com/images/adidas-Yeezy-Slide-Pure-Restock-Pair-Product.png,Adidas,Yeezy Slide,Adidas Yeezy Slide Pure (Restock Pair),70
238,Bone (2022),https://images.stockx.com/images/adidas-Yeezy-Slide-Bone-2022-Product.jpg,Adidas,Yeezy Slide,Adidas Yeezy Slide Bone (2022),60
239,Glow Green (2022),https://images.stockx.com/images/adidas-Yeezy-Slide-Glow-Green-2022-Product.jpg,Adidas,Yeezy Slide,Adidas Yeezy Slide Glow Green (2022),70
240,Granite,https://images.stockx.com/images/adidas-Yeezy-Slide-Granite-Product.jpg,Adidas,Yeezy Slide,Adidas Yeezy Slide Granite,70
241,Dark Onyx,https://images.stockx.com/images/adidas-Yeezy-Slide-Dark-Onyx-Product.jpg,Adidas,Yeezy Slide,Adidas Yeezy Slide Dark Onyx,70
242,Salt,https://images.stockx.com/images/adidas-Yeezy-Slide-Salt-Product.jpg,Adidas,Yeezy Slide,Adidas Yeezy Slide Salt,70
243,Flax,https://images.stockx.com/images/adidas-Yeezy-Slide-Flax-Product.jpg,Adidas,Yeezy Slide,Adidas Yeezy Slide Flax,70
244,Resin (2022),https://images.stockx.com/images/adidas-Yeezy-Slide-Resin-2022-Product.jpg,Adidas,Yeezy Slide,Adidas Yeezy Slide Resin (2022),70
245,Slate Grey,https://images.stockx.com/images/adidas-Yeezy-Slide-Slate-Grey-Product.jpg,Adidas,Yeezy Slide,Adidas Yeezy Slide Slate Grey,70
246,Ochre,https://images.stockx.com/images/adidas-Yeezy-Slide-Ochre-Product.jpg,Adidas,Yeezy Slide,Adidas Yeezy Slide Ochre,70
247,Azure,https://images.stockx.com/images/adidas-Yeezy-Slide-Azure-Product.jpg,Adidas,Yeezy Slide,Adidas Yeezy Slide Azure,70
248,Slate Marine,https://images.stockx.com/images/adidas-Yeezy-Slide-Slate-Marine-Product.jpg,Adidas,Yeezy Slide,Adidas Yeezy Slide Slate Marine,70
249,Onyx,https://images.stockx.com/images/adidas-Yeezy-Slide-Black-Product.jpg,Adidas,Yeezy Slide,Adidas Yeezy Slide Onyx,70
250,(Lifestyle Model),https://images.stockx.com/images/adidas-Yzy-QNTM-Product.jpg,Adidas,Yeezy QNTM,Adidas Yeezy QNTM (Lifestyle Model),250
251,Barium,https://images.stockx.com/images/adidas-YZY-QNTM-Barium-Product.jpg,Adidas,Yeezy QNTM,Adidas Yeezy QNTM Barium,250
252,Teal Blue,https://images.stockx.com/images/adidas-YZY-QNTM-Ophani-Product.jpg,Adidas,Yeezy QNTM,Adidas Yeezy QNTM Teal Blue,250
253,BSKTBL Frozen Blue,https://images.stockx.com/images/adidas-Yeezy-QNTM-BSKTBL-Frozen-Blue-Product.jpg,Adidas,Yeezy QNTM,Adidas Yeezy QNTM BSKTBL Frozen Blue,250
254,Frozen Blue,https://images.stockx.com/images/adidas-Yeezy-QNTM-Frozen-Blue-Product.jpg,Adidas,Yeezy QNTM,Adidas Yeezy QNTM Frozen Blue,250
255,BSKTBL (Performance Basketball Model),https://images.stockx.com/images/adidas-Yeezy-QNTM-BSKTBL-Product.jpg,Adidas,Yeezy QNTM,Adidas Yeezy QNTM BSKTBL (Performance Basketball Model),250
256,Sea Teal,https://images.stockx.com/images/adidas-Yeezy-QNTM-Sea-Teal-Product.jpg,Adidas,Yeezy QNTM,Adidas Yeezy QNTM Sea Teal,250
257,Flash Orange,https://images.stockx.com/images/adidas-Yeezy-QNTM-Flash-Orange-Product.jpg,Adidas,Yeezy QNTM,Adidas Yeezy QNTM Flash Orange,250
258,Onyx,https://images.stockx.com/images/adidas-Yeezy-QNTM-Onyx-Product.jpg,Adidas,Yeezy QNTM,Adidas Yeezy QNTM Onyx,250
259,Amber Tint,https://images.stockx.com/images/adidas-Yeezy-QNTM-Amber-Tint-Product.jpg,Adidas,Yeezy QNTM,Adidas Yeezy QNTM Amber Tint,250
260,Mono Carbon,https://images.stockx.com/images/adidas-Yeezy-Quantum-Mono-Carbon.jpg,Adidas,Yeezy QNTM,Adidas Yeezy QNTM Mono Carbon,250
261,Hi-Res Coral,https://images.stockx.com/images/adidas-Yeezy-QNTM-Hi-Res-Coral-Product.jpg,Adidas,Yeezy QNTM,Adidas Yeezy QNTM Hi-Res Coral,250
262,Black,https://images.stockx.com/images/Yeezy-Pod-Black-Product.jpg,YZY,Pods,YZY Pods Black,20
263,Net Tan,https://images.stockx.com/images/Nike-Air-Yeezy-1-Net-Net-Tan-Product.jpg,Nike,Air Yeezy 1,Nike Air Yeezy 1 Net Tan,250
264,Blink,https://images.stockx.com/images/Nike-Air-Yeezy-1-Black-Pink-Blink-Product.jpg,Nike,Air Yeezy 1,Nike Air Yeezy 1 Blink,250
265,Zen Grey,https://images.stockx.com/images/Nike-Air-Yeezy-1-Zen-Grey-Product.jpg,Nike,Air Yeezy 1,Nike Air Yeezy 1 Zen Grey,250
266,Pure Platinum,https://images.stockx.com/images/Nike-Air-Yeezy-2-NRG-Pure-Platinum-Product.jpg,Nike,Air Yeezy 2,Nike Air Yeezy 2 Pure Platinum,250
267,Solar Red,https://images.stockx.com/images/Nike-Air-Yeezy-2-NRG-Black-Solar-Red-Product.jpg,Nike,Air Yeezy 2,Nike Air Yeezy 2 Solar Red,250
268,Red October,https://images.stockx.com/images/Nike-Air-Yeezy-2-Red-October-Product.jpg,Nike,Air Yeezy 2,Nike Air Yeezy 2 Red October,250
269,Taupe,https://images.stockx.com/images/Yeezy-Season-Two-Military-Crepe-Boot-Taupe-Product.jpg,Yeezy,Yeezy Military Crepe Boot Season 2,Yeezy Military Crepe Boot Season 2 Taupe,645
270,Rock,https://images.stockx.com/images/Yeezy-Season-Three-Military-Boot-Rock-Product.jpg,Yeezy,Yeezy Military Boot Season 3,Yeezy Military Boot Season 3 Rock,645
271,Burnt Sienna,https://images.stockx.com/images/Yeezy-Season-Three-Military-Boot-Burnt-Sienna.png,Yeezy,Yeezy Military Boot Season 3,Yeezy Military Boot Season 3 Burnt Sienna,645
272,Onyx Shade,https://images.stockx.com/images/Yeezy-Season-Three-Military-Boot-Onyx-Shade.png,Yeezy,Yeezy Military Boot Season 3,Yeezy Military Boot Season 3 Onyx Shade,645
273,Taupe,https://images.stockx.com/images/Yeezy-Crepe-Boot-Season-4-Taupe-Product.png,Yeezy,Yeezy Crepe Boot Season 4,Yeezy Crepe Boot Season 4 Taupe,645
274,Oil,https://images.stockx.com/images/Yeezy-Crepe-Boot-Season-4-Oil-Product.jpg,Yeezy,Yeezy Crepe Boot Season 4,Yeezy Crepe Boot Season 4 Oil,645
275,Sand,https://images.stockx.com/images/Yeezy-Combat-Boot-Season-4-Sand-Product.png,Yeezy,Yeezy Combat Boot Season 4,Yeezy Combat Boot Season 4 Sand,445
276,Oil,https://images.stockx.com/images/Yeezy-Combat-Boot-Season-4-Oil.png,Yeezy,Yeezy Combat Boot Season 4,Yeezy Combat Boot Season 4 Oil,445
277,Camo,https://images.stockx.com/images/Yeezy-Canvas-Boot-Season-5-Camo.png,Yeezy,Yeezy Canvas Boot Season 5,Yeezy Canvas Boot Season 5 Camo,550
278,Graphite/Black,https://images.stockx.com/images/Yeezy-Nubuck-Boot-Season-5-Graphite.png,Yeezy,Yeezy Nubuck Boot Season 5,Yeezy Nubuck Boot Season 5 Graphite/Black,445
279,Taupe,https://images.stockx.com/images/Yeezy-Nubuck-Boot-Season-5-Taupe-Product.jpg,Yeezy,Yeezy Nubuck Boot Season 5,Yeezy Nubuck Boot Season 5 Taupe,445
280,Taupe,https://images.stockx.com/images/Yeezy-Canvas-Boot-Season-5-Taupe.png,Yeezy,Yeezy Canvas Boot Season 5,Yeezy Canvas Boot Season 5 Taupe,550
281,Oil,https://images.stockx.com/images/Yeezy-Suede-Boot-Season-5-Oil.png,Yeezy,Yeezy Suede Boot Season 5,Yeezy Suede Boot Season 5 Oil,525
282,Thick Shaggy Suede Chalk,https://images.stockx.com/images/Yeezy-Crepe-Sneaker-Season-6-Thick-Shaggy-Suede-Chalk.png,Yeezy,Yeezy Crepe Sneaker Season 6,Yeezy Crepe Sneaker Season 6 Thick Shaggy Suede Chalk,595
283,Thick Shaggy Suede Taupe,https://images.stockx.com/images/Yeezy-Crepe-Sneaker-Season-6-Thick-Shaggy-Suede-Taupe.png,Yeezy,Yeezy Crepe Sneaker Season 6,Yeezy Crepe Sneaker Season 6 Thick Shaggy Suede Taupe,595
284,Thick Shaggy Suede Graphite,https://images.stockx.com/images/Yeezy-Crepe-Sneaker-Season-6-Thick-Shaggy-Suede-Graphite-Product.jpg,Yeezy,Yeezy Crepe Sneaker Season 6,Yeezy Crepe Sneaker Season 6 Thick Shaggy Suede Graphite,595
285,Shaggy Suede Taupe,https://images.stockx.com/images/Yeezy-Shaggy-Suede-Crepe-Season-6-Beige.png,Yeezy,Yeezy Crepe Sneaker Season 6,Yeezy Crepe Sneaker Season 6 Shaggy Suede Taupe,400
286,Graphite,https://images.stockx.com/images/Yeezy-Suede-Desert-Boot-Season-6-Graphite-Product.jpg,Yeezy,Yeezy Suede Desert Boot Season 6,Yeezy Suede Desert Boot Season 6 Graphite,270
287,Taupe,https://images.stockx.com/images/Yeezy-Suede-Desert-Boot-Season-6-Taupe-Product.jpg,Yeezy,Yeezy Suede Desert Boot Season 6,Yeezy Suede Desert Boot Season 6 Taupe,270
288,Splinter Camo,https://images.stockx.com/images/Yeezy-Washed-Canvas-Boot-Season-6-Splinter-Camo.png,Yeezy,Yeezy Washed Canvas Boot Season 6,Yeezy Washed Canvas Boot Season 6 Splinter Camo,350
289,Camo,https://images.stockx.com/images/Yeezy-Canvas-Military-Boot-Season-6-Camo.png,Yeezy,Yeezy Canvas Military Boot Season 6,Yeezy Canvas Military Boot Season 6 Camo,645
290,Military,https://images.stockx.com/images/Yeezy-Thick-Suede-Combat-Boot-Military-Season-6.png,Yeezy,Yeezy Thick Suede Combat Boot Season 6,Yeezy Thick Suede Combat Boot Season 6 Military,220
291,Graphite,https://images.stockx.com/images/Yeezy-Thick-Suede-Combat-Boot-Graphite-Season-6.png,Yeezy,Yeezy Thick Suede Combat Boot Season 6,Yeezy Thick Suede Combat Boot Season 6 Graphite,220
292,Trench,https://images.stockx.com/images/Yeezy-Fleece-Slide-Season-7-Trench-Product.jpg,Yeezy,Yeezy Fleece Slide Season 7,Yeezy Fleece Slide Season 7 Trench,175
293,Oil,https://images.stockx.com/images/Yeezy-Fabric-Slippers-Season-7-Oil.jpg,Yeezy,Yeezy Fabric Slippers Season 7,Yeezy Fabric Slippers Season 7 Oil,150
294,Khaki,https://images.stockx.com/images/Yeezy-Fabric-Slippers-Season-7-Khaki.png,Yeezy,Yeezy Fabric Slippers Season 7,Yeezy Fabric Slippers Season 7 Khaki,150
295,Taupe,https://images.stockx.com/images/Yeezy-Desert-Boot-Season-7-Taupe-Product.jpg,Yeezy,Yeezy Desert Boot Season 7,Yeezy Desert Boot Season 7 Taupe,280
296,Wakame,https://images.stockx.com/images/Yeezy-Thick-Suede-Desert-Boot-Season-7-Wakame-Product.jpg,Yeezy,Yeezy Desert Boot Season 7,Yeezy Desert Boot Season 7 Wakame,280
297,House Blue,https://images.stockx.com/images/Yeezy-Desert-Boot-Season-7-House-Blue-Product.jpg,Yeezy,Yeezy Desert Boot Season 7,Yeezy Desert Boot Season 7 House Blue,280
298,Cinder,https://images.stockx.com/images/Yeezy-Desert-Boot-Season-7-Cinder-Product.jpg,Yeezy,Yeezy Desert Boot Season 7,Yeezy Desert Boot Season 7 Cinder,280
299,Graphite,https://images.stockx.com/images/Yeezy-Fleece-Slipper-Season-7-Graphite-Product.jpg,Yeezy,Yeezy Fleece Slide Season 7,Yeezy Fleece Slide Season 7 Graphite,175
300,Aqua,https://images.stockx.com/images/Yeezy-Season-7-Fleece-Slide-Aqua-Updated.jpg,Yeezy,Yeezy Fleece Slide Season 7,Yeezy Fleece Slide Season 7 Aqua,175
301,Aqua,https://images.stockx.com/images/Yeezy-Neoprene-Slipper-Season-7-Aqua.png,Yeezy,Yeezy Neoprene Slipper Season 7,Yeezy Neoprene Slipper Season 7 Aqua,175
302,Oil,https://images.stockx.com/images/Yeezy-Military-Crepe-Boot-Season-2-Oil.jpg,Yeezy,Yeezy Military Boot Season 2,Yeezy Military Boot Season 2 Oil,645
306,Granite,https://images.stockx.com/images/adidas-Yeezy-Boost-350-V2-Granite-Product.jpg,Adidas,Yeezy Boost 350 V2,Adidas Yeezy Boost 350 V2 Granite,230
307,Steel Grey,https://images.stockx.com/images/adidas-Yeezy-Boost-350-V2-Steel-Grey-Product.jpg,Adidas,Yeezy Boost 350 V2,Adidas Yeezy Boost 350 V2 Steel Grey,230
308,Cinder,https://images.stockx.com/images/adidas-Yeezy-Boost-350-V2-Cinder-Product.jpg,Adidas,Yeezy Boost 350 V2,Adidas Yeezy Boost 350 V2 Cinder,220
309,MX Dark Salt,https://images.stockx.com/images/adidas-Yeezy-Boost-350-V2-MX-Dark-Salt-Product.jpg,Adidas,Yeezy Boost 350 V2,Adidas Yeezy Boost 350 V2 MX Dark Salt,230
310,Slate Blue,https://images.stockx.com/images/adidas-YZY-BSKTBL-KNIT-3D-Slate-Blue-Product.jpg,Adidas,Yeezy BSKTBL Knit,Adidas Yeezy BSKTBL Knit Slate Blue,300
311,Energy Glow,https://images.stockx.com/images/adidas-Yeezy-BSKTBL-Knit-Energy-Glow.jpg,Adidas,Yeezy BSKTBL Knit,Adidas Yeezy BSKTBL Knit Energy Glow,300
312,Slate Azure,https://images.stockx.com/images/adidas-Yeezy-BSKTBL-Knit-Slate-Azure-Product.jpg,Adidas,Yeezy BSKTBL Knit,Adidas Yeezy BSKTBL Knit Slate Azure,300
313,Slate Onyx,https://images.stockx.com/images/adidas-Yeezy-BSKTBL-Knit-Slate-Onyx-Product.jpg,Adidas,Yeezy BSKTBL Knit,Adidas Yeezy BSKTBL Knit Slate Onyx,300
314,Blue Tint,https://images.stockx.com/images/adidas-Yeezy-Boost-700-MNVN-Blue-Tint-Product.jpg,Adidas,Yeezy Boost 700 MNVN,Adidas Yeezy Boost 700 MNVN Blue Tint,220
315,Honey Flux,https://images.stockx.com/images/adidas-Yeezy-Boost-700-MNVN-Honey-Flux-Product.jpg,Adidas,Yeezy Boost 700 MNVN,Adidas Yeezy Boost 700 MNVN Honey Flux,220
316,Hi-Res Orange,https://images.stockx.com/images/adidas-Yeezy-QNTM-Hi-Res-Orange-Product.jpg,Adidas,Yeezy QNTM,Adidas Yeezy QNTM Hi-Res Orange,250
317,Stone Grey,https://images.stockx.com/images/adidas-Yeezy-450-Stone-Grey-Product.jpg,Adidas,Yeezy 450,Adidas Yeezy 450 Stone Grey,210
318,Mist Slate,https://images.stockx.com/images/adidas-Yeezy-QNTM-Cream.jpg,Adidas,Yeezy QNTM,Adidas Yeezy QNTM Mist Slate,250